BOROUGH,NEIGHBORHOOD,BUILDING CLASS CATEGORY,TAX CLASS AS OF FINAL ROLL 18/19,BLOCK,LOT,BUILDING CLASS AS OF FINAL ROLL 18/19,ADDRESS,ZIP CODE,RESIDENTIAL UNITS,COMMERCIAL UNITS,TOTAL UNITS,LAND SQUARE FEET,GROSS SQUARE FEET,YEAR BUILT,TAX CLASS AT TIME OF SALE,BUILDING CLASS AT TIME OF SALE,SALE PRICE,SALE DATE,AREA,FINAL_ADDRESS,lat,lng,num_cafe_1000_meters,num_cafe_500_meters,num_tourist_attraction_1000_meters
3,FLATBUSH-LEFFERTS GARDEN,01 ONE FAMILY DWELLINGS,1,5050,2,S0,625 ROGERS AVENUE,11225.0,1.0,2.0,3.0,3700.0,2128.0,1905.0,1,S0,1925000,2019-02-05,brooklyn,625 ROGERS AVENUE NYC,40.6563206,-73.95285859999998,20,8,2
4,HOWARD BEACH,01 ONE FAMILY DWELLINGS,1,14069,139,A1,85-11 164TH AVENUE,11414.0,1.0,0.0,1.0,4000.0,2192.0,1965.0,1,A1,730000,2019-07-02,queens,85-11 164TH AVENUE NYC,40.650046,-73.8447489,2,0,1
4,BAYSIDE,02 TWO FAMILY DWELLINGS,1,5952,20,B2,215-29 23RD ROAD,11360.0,2.0,0.0,2.0,3232.0,3078.0,1970.0,1,B2,800000,2019-07-05,queens,215-29 23RD ROAD NYC,40.78284499999999,-73.774405,3,2,1
2,WAKEFIELD,02 TWO FAMILY DWELLINGS,1,5009,1,B3,1800 BUSSING AVENUE,10466.0,2.0,0.0,2.0,2505.0,2193.0,1930.0,1,B3,310000,2019-06-14,bronx,1800 BUSSING AVENUE NYC,40.8940516,-73.84870450000003,5,1,0
4,ASTORIA,03 THREE FAMILY DWELLINGS,1,759,10,C0,22-45 47TH STREET,11105.0,3.0,0.0,3.0,3000.0,2740.0,1965.0,1,C0,1425000,2019-04-04,queens,22-45 47TH STREET NYC,40.768648,-73.902715,20,4,2
3,DYKER HEIGHTS,02 TWO FAMILY DWELLINGS,1,6320,63,B1,1137 85TH STREET,11228.0,2.0,0.0,2.0,4000.0,2117.0,1970.0,1,B1,1500000,2019-04-01,brooklyn,1137 85TH STREET NYC,40.6168978,-74.0165396,8,1,1
4,HOLLISWOOD,01 ONE FAMILY DWELLINGS,1,7271,54,A1,81-15 189TH STREET,11423.0,1.0,0.0,1.0,4000.0,1680.0,1940.0,1,A1,990000,2019-01-28,queens,81-15 189TH STREET NYC,40.72729400000001,-73.77890699999998,6,2,2
4,RIDGEWOOD,02 TWO FAMILY DWELLINGS,1,3493,52,B1,62-76 60TH PLACE,11385.0,2.0,0.0,2.0,2175.0,2160.0,1901.0,1,B1,1145000,2019-10-25,queens,62-76 60TH PLACE NYC,40.711533,-73.90346,14,4,4
5,BULLS HEAD,02 TWO FAMILY DWELLINGS,1,1621,43,B2,49 KINGSBRIDGE AVENUE,10314.0,2.0,0.0,2.0,2450.0,1326.0,1981.0,1,B2,598000,2019-05-17,statenisland,49 KINGSBRIDGE AVENUE NYC,40.6169384,-74.1650532,2,0,2
3,FLATBUSH-EAST,01 ONE FAMILY DWELLINGS,1,7744,39,A9,957 EAST 40TH STREET,11210.0,1.0,0.0,1.0,1800.0,1372.0,1910.0,1,A9,500000,2019-05-17,brooklyn,957 EAST 40TH STREET NYC,40.6318683,-73.93771579999998,9,0,2
4,ST. ALBANS,01 ONE FAMILY DWELLINGS,1,11082,72,A5,209-15 116TH ROAD,11411.0,1.0,0.0,1.0,1796.0,1224.0,1950.0,1,A5,350000,2019-01-10,queens,209-15 116TH ROAD NYC,40.697381,-73.743537,2,2,0
5,NEW SPRINGVILLE,01 ONE FAMILY DWELLINGS,1,2440,42,A5,78 MILLSTONE COURT,10314.0,1.0,0.0,1.0,1666.0,1350.0,2000.0,1,A5,499000,2019-05-30,statenisland,78 MILLSTONE COURT NYC,40.5752126,-74.1644598,5,3,0
3,GRAVESEND,01 ONE FAMILY DWELLINGS,1,6647,35,A5,1756 WEST 9TH STREET,11223.0,1.0,0.0,1.0,1700.0,1128.0,1910.0,1,A5,900000,2019-12-27,brooklyn,1756 WEST 9TH STREET NYC,40.60419520000001,-73.98211909999998,18,3,1
3,MILL BASIN,01 ONE FAMILY DWELLINGS,1,8598,48,A2,2732 EAST 66TH STREET,11234.0,1.0,0.0,1.0,4067.0,2792.0,1970.0,1,A2,1225000,2019-10-11,brooklyn,2732 EAST 66TH STREET NYC,40.60568480000001,-73.9119852,2,0,0
4,FLUSHING-SOUTH,01 ONE FAMILY DWELLINGS,1,6959,12,A1,71-47 171ST STREET,11365.0,1.0,0.0,1.0,4139.0,2510.0,1955.0,1,A1,996000,2019-11-25,queens,71-47 171ST STREET NYC,40.729263,-73.798478,6,0,1
3,MANHATTAN BEACH,01 ONE FAMILY DWELLINGS,1,8730,57,A1,28 EXETER STREET,11235.0,1.0,0.0,1.0,3600.0,1342.0,1940.0,1,A1,1385000,2019-11-01,brooklyn,28 EXETER STREET NYC,40.581198,-73.94927679999998,13,2,3
5,HUGUENOT,01 ONE FAMILY DWELLINGS,1,6335,63,A2,633 IONIA AVENUE,10312.0,1.0,0.0,1.0,4000.0,1975.0,1970.0,1,A2,702500,2019-10-18,statenisland,633 IONIA AVENUE NYC,40.538336,-74.19377999999998,1,0,1
4,GLENDALE,01 ONE FAMILY DWELLINGS,1,3685,56,S1,69-31 MYRTLE AVENUE,11385.0,1.0,1.0,2.0,1883.0,1600.0,1915.0,1,S1,650000,2019-09-06,queens,69-31 MYRTLE AVENUE NYC,40.702057,-73.881697,3,3,1
3,WINDSOR TERRACE,14 RENTALS - 4-10 UNIT,2A,5275,53,S3,1235 PROSPECT AVENUE,11218.0,3.0,1.0,4.0,1315.0,3507.0,1931.0,2,S3,1750000,2019-10-31,brooklyn,1235 PROSPECT AVENUE NYC,40.6529516,-73.9758913,13,5,8
2,WESTCHESTER,02 TWO FAMILY DWELLINGS,1,3996,50,B1,2441 BUCK STREET,10461.0,2.0,0.0,2.0,1528.0,1600.0,1920.0,1,B1,350000,2019-07-31,bronx,2441 BUCK STREET NYC,40.8411954,-73.85093459999999,7,0,2
2,SOUNDVIEW,02 TWO FAMILY DWELLINGS,1,3555,45,B1,647 COMMONWEALTH AVENUE,10473.0,2.0,0.0,2.0,2500.0,3620.0,1940.0,1,B1,725000,2019-04-01,bronx,647 COMMONWEALTH AVENUE NYC,40.8181693,-73.8652176,4,1,1
3,DYKER HEIGHTS,02 TWO FAMILY DWELLINGS,1,6268,63,B1,1333 80TH STREET,11228.0,2.0,0.0,2.0,2333.0,1748.0,1930.0,1,B1,1220000,2019-02-13,brooklyn,1333 80TH STREET NYC,40.61703660000001,-74.0093897,9,3,2
4,JACKSON HEIGHTS,03 THREE FAMILY DWELLINGS,1,1166,24,C0,3238 71ST STREET,11370.0,3.0,0.0,3.0,1967.0,2650.0,1965.0,1,C0,500000,2019-12-27,queens,3238 71ST STREET NYC,40.75544,-73.89605499999998,9,1,4
3,FLATBUSH-EAST,03 THREE FAMILY DWELLINGS,1,4764,37,C0,5315 CLARENDON ROAD,11203.0,3.0,0.0,3.0,1740.0,2641.0,1970.0,1,C0,730000,2019-03-27,brooklyn,5315 CLARENDON ROAD NYC,40.644929,-73.92609909999999,7,3,1
4,ROSEDALE,01 ONE FAMILY DWELLINGS,1,13544,34,A1,24126 NEWHALL AVENUE,11422.0,1.0,0.0,1.0,3000.0,1498.0,1920.0,1,A1,410000,2019-05-13,queens,24126 NEWHALL AVENUE NYC,40.65852,-73.741435,1,0,1
4,FLUSHING-NORTH,01 ONE FAMILY DWELLINGS,1,5772,65,A1,169-23 25TH AVENUE,11357.0,1.0,0.0,1.0,4000.0,1399.0,1940.0,1,A1,920000,2019-12-23,queens,169-23 25TH AVENUE NYC,40.774362,-73.794489,5,2,1
5,WEST NEW BRIGHTON,01 ONE FAMILY DWELLINGS,1,231,12,A1,15 MANOR ROAD,10310.0,1.0,0.0,1.0,2800.0,1182.0,1935.0,1,A1,575000,2019-09-19,statenisland,15 MANOR ROAD NYC,40.6278028,-74.1250627,3,0,1
3,BERGEN BEACH,02 TWO FAMILY DWELLINGS,1,8359,20,B9,1239 EAST 72ND STREET,11234.0,2.0,0.0,2.0,2179.0,3191.0,1970.0,1,B9,900000,2019-08-14,brooklyn,1239 EAST 72ND STREET NYC,40.625998,-73.913095,4,1,0
5,PORT RICHMOND,01 ONE FAMILY DWELLINGS,1,1029,3,A1,3 PALMER AVENUE,10302.0,1.0,0.0,1.0,2500.0,1158.0,1940.0,1,A1,410000,2019-05-13,statenisland,3 PALMER AVENUE NYC,40.63080770000001,-74.13171500000001,3,0,1
4,JAMAICA,01 ONE FAMILY DWELLINGS,1,9804,36,A1,170-12 90TH AVENUE,11432.0,1.0,0.0,1.0,2500.0,1704.0,1920.0,1,A1,750000,2019-10-04,queens,170-12 90TH AVENUE NYC,40.708669,-73.79003,10,5,3
3,EAST NEW YORK,02 TWO FAMILY DWELLINGS,1,3983,28,B1,304 ASHFORD ST,11207.0,2.0,0.0,2.0,945.0,1612.0,1901.0,1,B1,667085,2019-07-12,brooklyn,304 ASHFORD ST NYC,40.674987,-73.885605,5,3,0
3,MIDWOOD,03 THREE FAMILY DWELLINGS,1,6715,21,C0,1038 EAST 14TH STREET,11230.0,3.0,0.0,3.0,3333.0,3089.0,1910.0,1,C0,725000,2019-12-12,brooklyn,1038 EAST 14TH STREET NYC,40.6241089,-73.96236390000001,6,3,1
4,COLLEGE POINT,02 TWO FAMILY DWELLINGS,1,4130,46,B2,124-07 20TH AVENUE,11356.0,2.0,0.0,2.0,1157.0,1600.0,1925.0,1,B2,600000,2019-09-13,queens,124-07 20TH AVENUE NYC,40.7818353,-73.8437771,7,5,3
3,FLATBUSH-EAST,02 TWO FAMILY DWELLINGS,1,4771,38,B1,766 EAST 51ST STREET,11203.0,2.0,0.0,2.0,2000.0,2112.0,1930.0,1,B1,625000,2019-09-26,brooklyn,766 EAST 51ST STREET NYC,40.64259970000001,-73.9286319,4,2,2
4,MIDDLE VILLAGE,01 ONE FAMILY DWELLINGS,1,3033,5,A2,73-24 PENELOPE AVENUE,11379.0,1.0,0.0,1.0,3600.0,1304.0,1950.0,1,A2,950000,2019-06-19,queens,73-24 PENELOPE AVENUE NYC,40.7160439,-73.881376,3,1,1
5,ARROCHAR,01 ONE FAMILY DWELLINGS,1,3108,62,A5,167 SAND LANE,10305.0,1.0,0.0,1.0,2000.0,1870.0,2018.0,1,A5,595676,2019-09-04,statenisland,167 SAND LANE NYC,40.5955274,-74.06948679999998,0,0,2
5,MARINERS HARBOR,01 ONE FAMILY DWELLINGS,1,1234,57,A2,308 NETHERLAND AVENUE,10303.0,1.0,0.0,1.0,2575.0,750.0,1925.0,1,A2,349900,2019-05-01,statenisland,308 NETHERLAND AVENUE NYC,40.8831536,-73.91183259999998,15,3,7
4,FOREST HILLS,03 THREE FAMILY DWELLINGS,1,2186,133,C0,65-21 110TH STREET,11375.0,3.0,0.0,3.0,2700.0,2764.0,2017.0,1,C0,1476463,2019-04-11,queens,65-21 110TH STREET NYC,40.7317705,-73.8464042,4,2,2
5,SOUTH BEACH,01 ONE FAMILY DWELLINGS,1,3398,65,A5,323 QUINTARD STREET,10305.0,1.0,0.0,1.0,2500.0,1440.0,1994.0,1,A5,535000,2019-09-30,statenisland,323 QUINTARD STREET NYC,40.5901799,-74.0800158,2,0,3
5,PLEASANT PLAINS,01 ONE FAMILY DWELLINGS,1,6796,10,A5,139B SHARROTT AVENUE,10309.0,1.0,0.0,1.0,2760.0,1400.0,2002.0,1,A5,615000,2019-06-27,statenisland,139B SHARROTT AVENUE NYC,40.52032120000001,-74.212974,1,1,1
2,BAYCHESTER,01 ONE FAMILY DWELLINGS,1,4957,57,A1,3919 MURDOCK AVENUE,10466.0,1.0,0.0,1.0,2500.0,1534.0,1930.0,1,A1,505000,2019-09-05,bronx,3919 MURDOCK AVENUE NYC,40.889275,-73.839721,3,0,1
4,FOREST HILLS,01 ONE FAMILY DWELLINGS,1,3207,40,A1,89-28 69TH ROAD,11375.0,1.0,0.0,1.0,2001.0,1255.0,1930.0,1,A1,750000,2019-01-30,queens,89-28 69TH ROAD NYC,40.711469,-73.85428499999998,7,6,0
4,JAMAICA ESTATES,01 ONE FAMILY DWELLINGS,1,7231,99,A2,180-24 80TH DRIVE,11432.0,1.0,0.0,1.0,3984.0,880.0,1945.0,1,A2,998000,2019-01-03,queens,180-24 80TH DRIVE NYC,40.72538400000001,-73.786601,6,4,1
4,WOODHAVEN,01 ONE FAMILY DWELLINGS,1,9177,116,A1,85-99 98TH STREET,11421.0,1.0,0.0,1.0,2771.0,1344.0,1925.0,1,A1,620000,2019-01-31,queens,85-99 98TH STREET NYC,40.69612,-73.847948,8,4,2
4,FAR ROCKAWAY,02 TWO FAMILY DWELLINGS,1,15793,50,B2,434 BEACH 29TH STREET,11691.0,2.0,0.0,2.0,2786.0,2976.0,2018.0,1,B2,756000,2019-12-30,queens,434 BEACH 29TH STREET NYC,40.5979571,-73.762232,3,0,4
2,BATHGATE,02 TWO FAMILY DWELLINGS,1,3053,5,B9,509 EAST 183RD STREET,10458.0,2.0,0.0,2.0,1420.0,2805.0,1901.0,1,B9,649500,2019-08-23,bronx,509 EAST 183RD STREET NYC,40.8549787,-73.89201609999998,20,8,9
3,CANARSIE,02 TWO FAMILY DWELLINGS,1,8304,10,B1,10101 SEAVIEW AVENUE,11236.0,2.0,0.0,2.0,3176.0,2160.0,1960.0,1,B1,671000,2019-01-07,brooklyn,10101 SEAVIEW AVENUE NYC,40.6360725,-73.88677940000002,2,2,2
5,MARINERS HARBOR,01 ONE FAMILY DWELLINGS,1,1227,44,A5,29 HARBOR ROAD,10303.0,1.0,0.0,1.0,4288.0,1376.0,1965.0,1,A5,325000,2019-06-27,statenisland,29 HARBOR ROAD NYC,40.636238,-74.15987500000001,0,0,2
5,NEW BRIGHTON,02 TWO FAMILY DWELLINGS,1,28,31,B2,241 WESTERVELT AVENUE,10301.0,2.0,0.0,2.0,3552.0,2500.0,1901.0,1,B2,626288,2019-05-16,statenisland,241 WESTERVELT AVENUE NYC,40.6422293,-74.0830445,2,0,7
4,SO. JAMAICA-BAISLEY PARK,01 ONE FAMILY DWELLINGS,1,12064,19,A1,126-13 INWOOD STREET,11436.0,1.0,0.0,1.0,2820.0,1264.0,1930.0,1,A1,401544,2019-03-28,queens,126-13 INWOOD STREET NYC,40.67305800000001,-73.79241800000001,2,1,1
5,DONGAN HILLS,01 ONE FAMILY DWELLINGS,1,3334,28,A2,85 HENRY PLACE,10305.0,1.0,0.0,1.0,4500.0,1242.0,1965.0,1,A2,700000,2019-04-24,statenisland,85 HENRY PLACE NYC,40.59024270000001,-74.09179759999998,6,3,1
3,PROSPECT HEIGHTS,02 TWO FAMILY DWELLINGS,1,1122,51,B9,887 PACIFIC STREET,11238.0,2.0,0.0,2.0,2000.0,1920.0,1920.0,1,B9,1700000,2019-07-22,brooklyn,887 PACIFIC STREET NYC,40.6807095,-73.96568189999998,20,14,9
5,NEW SPRINGVILLE,01 ONE FAMILY DWELLINGS,1,2371,87,A5,52 BOGOTA STREET,10314.0,1.0,0.0,1.0,1800.0,1160.0,1993.0,1,A5,354900,2019-04-29,statenisland,52 BOGOTA STREET NYC,40.586551,-74.147583,0,0,1
3,FLATLANDS,01 ONE FAMILY DWELLINGS,1,7873,72,A1,1682 EAST 49TH STREET,11234.0,1.0,0.0,1.0,2000.0,1648.0,1920.0,1,A1,749000,2019-08-06,brooklyn,1682 EAST 49TH STREET NYC,40.6197255,-73.92820929999998,6,0,0
4,ROSEDALE,02 TWO FAMILY DWELLINGS,1,13254,7,B2,138-16 BROOKVILLE BOULEVARD,11422.0,2.0,0.0,2.0,3264.0,1955.0,2016.0,1,B2,835000,2019-10-04,queens,138-16 BROOKVILLE BOULEVARD NYC,40.668304600000006,-73.73724190000001,3,1,2
3,OCEAN HILL,02 TWO FAMILY DWELLINGS,1,1506,51,B9,535 BAINBRIDGE STREET,11233.0,2.0,0.0,2.0,2000.0,2700.0,1910.0,1,B9,820000,2019-04-30,brooklyn,535 BAINBRIDGE STREET NYC,40.6829589,-73.915594,17,6,2
4,MIDDLE VILLAGE,01 ONE FAMILY DWELLINGS,1,3062,38,A1,77-17 66TH ROAD,11379.0,1.0,0.0,1.0,2224.0,1568.0,1925.0,1,A1,697500,2019-08-06,queens,77-17 66TH ROAD NYC,40.714765,-73.876841,3,2,1
3,BUSHWICK,03 THREE FAMILY DWELLINGS,1,3380,47,C0,1057 JEFFERSON AVENUE,11221.0,3.0,0.0,3.0,2000.0,3000.0,1915.0,1,C0,1300000,2019-11-12,brooklyn,1057 JEFFERSON AVENUE NYC,40.68794329999999,-73.9168127,20,6,3
3,FLATLANDS,01 ONE FAMILY DWELLINGS,1,7841,5,A9,4311 AVENUE M,11234.0,1.0,0.0,1.0,2000.0,1420.0,1920.0,1,A9,655000,2019-10-18,brooklyn,4311 AVENUE M NYC,40.6211908,-73.9333916,4,2,1
2,BAYCHESTER,02 TWO FAMILY DWELLINGS,1,4958,53,B1,3951 HILL AVENUE,10466.0,2.0,0.0,2.0,2660.0,2390.0,2016.0,1,B1,763688,2019-08-21,bronx,3951 HILL AVENUE NYC,40.890021,-73.839013,3,0,1
3,DYKER HEIGHTS,02 TWO FAMILY DWELLINGS,1,6266,35,B3,1172 79TH STREET,11228.0,2.0,0.0,2.0,2333.0,1248.0,1920.0,1,B3,999000,2019-12-16,brooklyn,1172 79TH STREET NYC,40.6194727,-74.0125917,6,3,2
4,REGO PARK,01 ONE FAMILY DWELLINGS,1,3162,36,A5,72-09 DANE PLACE,11375.0,1.0,0.0,1.0,1764.0,1440.0,1945.0,1,A5,773000,2019-01-15,queens,72-09 DANE PLACE NYC,40.720139,-73.85582699999998,10,1,4
2,PARKCHESTER,03 THREE FAMILY DWELLINGS,1,4022,7,C0,540 VAN NEST AVENUE,10460.0,3.0,0.0,3.0,2375.0,2580.0,1901.0,1,C0,650000,2019-01-30,bronx,540 VAN NEST AVENUE NYC,40.841315,-73.86941800000002,9,2,4
4,OZONE PARK,02 TWO FAMILY DWELLINGS,1,9000,16,B3,95-20 76TH STREET,11416.0,2.0,0.0,2.0,1700.0,1088.0,1920.0,1,B3,320000,2019-09-27,queens,95-20 76TH STREET NYC,40.682091,-73.862825,8,2,1
4,SOUTH JAMAICA,01 ONE FAMILY DWELLINGS,1,10256,33,A9,172-05 109TH AVENUE,11433.0,1.0,0.0,1.0,1642.0,1651.0,1920.0,1,A9,325000,2019-07-30,queens,172-05 109TH AVENUE NYC,40.698406,-73.782573,2,0,3
3,OCEAN HILL,02 TWO FAMILY DWELLINGS,1,1520,68,B1,237A SUMPTER STREET,11233.0,2.0,0.0,2.0,1783.0,2400.0,1920.0,1,B1,1250000,2019-04-30,brooklyn,237A SUMPTER STREET NYC,40.680695,-73.915803,15,6,3
4,BAYSIDE,01 ONE FAMILY DWELLINGS,1,6152,48,A1,36-19 203RD STREET,11361.0,1.0,0.0,1.0,3880.0,1778.0,1940.0,1,A1,1102500,2019-04-30,queens,36-19 203RD STREET NYC,40.7643233,-73.78323689999998,14,1,1
3,MIDWOOD,01 ONE FAMILY DWELLINGS,1,7639,39,A1,1335 EAST 21 STREET,11210.0,1.0,0.0,1.0,3000.0,1680.0,1920.0,1,A1,1180000,2019-09-05,brooklyn,1335 EAST 21 STREET NYC,40.6206863,-73.95413289999998,6,0,1
4,SO. JAMAICA-BAISLEY PARK,01 ONE FAMILY DWELLINGS,1,12064,1,A1,126-41 INWOOD STREET,11436.0,1.0,0.0,1.0,2850.0,1320.0,1930.0,1,A1,400000,2019-08-09,queens,126-41 INWOOD STREET NYC,40.6722517,-73.79268270000001,2,1,1
4,SOUTH OZONE PARK,01 ONE FAMILY DWELLINGS,1,11658,32,A1,11448 133 STREET,11420.0,1.0,0.0,1.0,2367.0,1568.0,1930.0,1,A1,656000,2019-01-25,queens,11448 133 STREET NYC,40.680622,-73.808522,1,0,2
4,QUEENS VILLAGE,07 RENTALS - WALKUP APARTMENTS,2A,11085,25,C3,212-10 99TH AVENUE,11429.0,4.0,0.0,4.0,2000.0,2400.0,1931.0,2,C3,790000,2019-03-19,queens,212-10 99TH AVENUE NYC,40.714023,-73.74632799999998,4,2,2
3,CYPRESS HILLS,03 THREE FAMILY DWELLINGS,1,3672,5,C0,141 VERMONT STREET,11207.0,3.0,0.0,3.0,3021.0,3264.0,2007.0,1,C0,800000,2019-04-15,brooklyn,141 VERMONT STREET NYC,40.6766948,-73.8948099,6,3,1
2,THROGS NECK,02 TWO FAMILY DWELLINGS,1,5518,5,B1,3086 MILES AVENUE,10465.0,2.0,0.0,2.0,3739.0,2971.0,2004.0,1,B1,860000,2019-07-25,bronx,3086 MILES AVENUE NYC,40.8206978,-73.8106431,3,1,1
3,CANARSIE,01 ONE FAMILY DWELLINGS,1,8287,65,A5,1350 EAST 104 STREET,11236.0,1.0,0.0,1.0,2600.0,1080.0,1955.0,1,A5,600000,2019-07-10,brooklyn,1350 EAST 104 STREET NYC,40.639426,-73.88730600000002,3,0,3
4,SPRINGFIELD GARDENS,02 TWO FAMILY DWELLINGS,1,12548,33,B2,176-32 133RD ROAD,11434.0,2.0,0.0,2.0,3000.0,1764.0,1965.0,1,B2,705000,2019-08-16,queens,176-32 133RD ROAD NYC,40.6763746,-73.76398640000002,3,1,1
2,BAYCHESTER,02 TWO FAMILY DWELLINGS,1,4980,53,B3,4083 EDSON AVENUE,10466.0,2.0,0.0,2.0,2500.0,1441.0,1905.0,1,B3,550000,2019-06-26,bronx,4083 EDSON AVENUE NYC,40.892149,-73.84461399999998,2,1,1
3,BATH BEACH,03 THREE FAMILY DWELLINGS,1,6433,1,C0,1721 CROPSEY AVENUE,11214.0,3.0,0.0,3.0,1775.0,1912.0,1920.0,1,C0,990000,2019-06-10,brooklyn,1721 CROPSEY AVENUE NYC,40.6036485,-74.0089766,13,0,3
3,MARINE PARK,02 TWO FAMILY DWELLINGS,1,7885,136,B9,1717 EAST 38TH STREET,11234.0,2.0,0.0,2.0,2717.0,2148.0,1955.0,1,B9,805000,2019-08-15,brooklyn,1717 EAST 38TH STREET NYC,40.6153289,-73.93468469999998,5,1,0
2,PARKCHESTER,02 TWO FAMILY DWELLINGS,1,3937,131,B1,1564 WHITE PLAINS ROAD,10462.0,2.0,0.0,2.0,2565.0,2604.0,1930.0,1,B1,625000,2019-06-26,bronx,1564 WHITE PLAINS ROAD NYC,40.83980940000001,-73.8635922,8,0,2
3,MADISON,01 ONE FAMILY DWELLINGS,1,7307,11,A1,1914 EAST 29TH STREET,11229.0,1.0,0.0,1.0,2000.0,1800.0,1930.0,1,A1,581049,2019-07-15,brooklyn,1914 EAST 29TH STREET NYC,40.6045372,-73.94393829999999,6,1,1
2,WAKEFIELD,02 TWO FAMILY DWELLINGS,1,5058,64,B1,4333 WILDER AVENUE,10466.0,2.0,0.0,2.0,2125.0,1574.0,1945.0,1,B1,490000,2019-09-27,bronx,4333 WILDER AVENUE NYC,40.8979809,-73.8439533,4,0,0
3,FLATBUSH-EAST,02 TWO FAMILY DWELLINGS,1,4868,31,B1,290 LINDEN BOULEVARD,11226.0,2.0,0.0,2.0,3150.0,2008.0,1910.0,1,B1,975000,2019-03-12,brooklyn,290 LINDEN BOULEVARD NYC,40.6524155,-73.9483587,16,5,2
4,EAST ELMHURST,01 ONE FAMILY DWELLINGS,1,1107,25,A5,24-38 97TH STREET,11369.0,1.0,0.0,1.0,1805.0,1995.0,1930.0,1,A5,730000,2019-04-10,queens,24-38 97TH STREET NYC,40.76523299999999,-73.873076,9,1,3
2,WILLIAMSBRIDGE,02 TWO FAMILY DWELLINGS,1,4871,42,B1,1008 EAST 225TH STRET,10466.0,2.0,0.0,2.0,1901.0,1836.0,1950.0,1,B1,475000,2019-12-13,bronx,1008 EAST 225TH STRET NYC,40.884763,-73.851615,2,0,1
5,PORT RICHMOND,02 TWO FAMILY DWELLINGS,1,1116,144,B2,50 RIVERSIDE LANE,10302.0,2.0,0.0,2.0,3712.0,1550.0,2018.0,1,B2,560037,2019-06-10,statenisland,50 RIVERSIDE LANE NYC,40.6371889,-74.14218000000002,2,0,2
5,PORT RICHMOND,01 ONE FAMILY DWELLINGS,1,1123,25,A5,37 NEWARK AVENUE,10302.0,1.0,0.0,1.0,2376.0,1200.0,2003.0,1,A5,324000,2019-12-12,statenisland,37 NEWARK AVENUE NYC,40.63738060000001,-74.143528,2,0,2
5,ELTINGVILLE,02 TWO FAMILY DWELLINGS,1,5669,38,B9,101 SHOTWELL AVENUE,10312.0,2.0,0.0,2.0,3930.0,2152.0,1980.0,1,B9,730000,2019-06-12,statenisland,101 SHOTWELL AVENUE NYC,40.554164,-74.18125599999998,0,0,1
5,DONGAN HILLS,02 TWO FAMILY DWELLINGS,1,3291,74,B9,95 BURGHER AVENUE,10304.0,2.0,0.0,2.0,2860.0,1450.0,1980.0,1,B9,618000,2019-11-22,statenisland,95 BURGHER AVENUE NYC,40.594115,-74.094336,5,0,1
3,MANHATTAN BEACH,02 TWO FAMILY DWELLINGS,1,8754,60,B3,184 LANGHAM STREET,11235.0,2.0,0.0,2.0,2500.0,2160.0,1940.0,1,B3,735000,2019-05-31,brooklyn,184 LANGHAM STREET NYC,40.5787537,-73.94113709999998,3,1,1
4,SO. JAMAICA-BAISLEY PARK,01 ONE FAMILY DWELLINGS,1,12217,6,A2,122-05 SUTPHIN BOULEVARD,11434.0,1.0,0.0,1.0,4493.0,1846.0,1910.0,1,A2,910000,2019-03-22,queens,122-05 SUTPHIN BOULEVARD NYC,40.6764798,-73.7903247,1,1,1
4,FLUSHING-NORTH,01 ONE FAMILY DWELLINGS,1,5689,7,A0,58-31 185TH STREET,11365.0,1.0,0.0,1.0,4000.0,1694.0,1950.0,1,A0,855000,2019-03-19,queens,58-31 185TH STREET NYC,40.741053,-73.789506,4,3,1
2,MORRISANIA/LONGWOOD,02 TWO FAMILY DWELLINGS,1,2972,2,B1,1296 CHISHOLM STREET,10459.0,2.0,0.0,2.0,1036.0,2274.0,2007.0,1,B1,498000,2019-03-22,bronx,1296 CHISHOLM STREET NYC,40.83022589999999,-73.8953691,4,0,8
4,SOUTH OZONE PARK,01 ONE FAMILY DWELLINGS,1,11805,41,A1,135-16 LEFFERTS BLVD,11420.0,1.0,0.0,1.0,2000.0,1322.0,1925.0,1,A1,555000,2019-10-09,queens,135-16 LEFFERTS BLVD NYC,40.670031,-73.821359,1,0,1
3,BUSHWICK,01 ONE FAMILY DWELLINGS,1,3321,19,S1,42 GROVE ST,11221.0,1.0,1.0,2.0,2098.0,2250.0,1931.0,1,S1,1065000,2019-10-08,brooklyn,42 GROVE ST NYC,40.7326259,-74.00432839999998,20,20,20
3,EAST NEW YORK,02 TWO FAMILY DWELLINGS,1,4570,137,B1,1102 ELDERT LANE,11208.0,2.0,0.0,2.0,1701.0,2950.0,2004.0,1,B1,670000,2019-01-24,brooklyn,1102 ELDERT LANE NYC,40.662616,-73.861378,3,0,1
3,BROWNSVILLE,01 ONE FAMILY DWELLINGS,1,3856,111,A5,553 CHRISTOPHER AVE,11212.0,1.0,0.0,1.0,1800.0,1116.0,1986.0,1,A5,475000,2019-07-19,brooklyn,553 CHRISTOPHER AVE NYC,40.658204,-73.902627,2,0,1
3,BUSHWICK,02 TWO FAMILY DWELLINGS,1,3369,134,B2,416 WILSON AVE,11221.0,2.0,0.0,2.0,1688.0,2850.0,1990.0,1,B2,1060000,2019-03-07,brooklyn,416 WILSON AVE NYC,40.69382359999999,-73.9139946,20,3,1
4,HOLLIS,01 ONE FAMILY DWELLINGS,1,10557,3,A1,90-65 207TH STREET,11428.0,1.0,0.0,1.0,2600.0,1216.0,1925.0,1,A1,400000,2019-04-10,queens,90-65 207TH STREET NYC,40.716975,-73.754915,5,0,1
